{
    "complex_test": [
        {
            "comp_foo": [
                1.0
            ]
        }
    ],
    "simple_test": [
        -8.988465674311579e+307,
        -2.225073858507201e-308,
        2.225073858507201e-308,
        8.988465674311579e+307,
        NaN,
        -Infinity,
        Infinity,
        0.0,
        -0.0
    ]
}