{
  "complexTest": [
    {
      "comp_foo": [
        1.0
      ]
    }
  ],
  "simpleTest": [
    -8.988465674311579e+307,
    -2.225073858507201e-308,
    2.225073858507201e-308,
    8.988465674311579e+307,
    NaN,
    -Infinity,
    Infinity,
    0.0,
    -0.0
  ]
}