{
    "complex_test": {
        "comp_foo": [
            1.2345
        ]
    },
    "simple_test": [
        [
            -3.4028234663852886e+38
        ],
        [
            -2.3509885615147286e-38
        ],
        [
            2.3509885615147286e-38
        ],
        [
            3.4028234663852886e+38
        ],
        [
            NaN
        ],
        [
            -Infinity
        ],
        [
            Infinity
        ],
        [
            0.0
        ],
        [
            -0.0
        ]
    ]
}